{
    "android": [

    ],
    "all": [
        "WAAccelerateWorker.js",
        "WAGame.js",
        "WAGameFrame.html",
        "WAGameSubContext.js",
        "WAGameSubContextFrame.html",
        "WAGameVConsole.html",
        "WAGfxEmsc.js",
        "WAGfxEmsc.wasm",
        "WAPageFrame.html",
        "WAPerf.js",
        "WARemoteDebug.js",
        "WASclBackend.wasm",
        "WAServiceMainContext.js",
        "WAServiceRemoteDebug.js",
        "WASourceMap.js",
        "WASplashadWorker.js",
        "WASubContext.js",
        "WAVConsole.js",
        "WAGlobalConsole.js",
        "WAVersion.json",
        "WAWebview.js",
        "WAWorker.js",
        "WABuiltinLibs.json",

        "WAAppAd.js",
        "WAGameAd.js",
        "WAProtobuf.js",
        "WAKanata.js",
        "WAMidasSDK.js",
        "WAWxGa.js",
        "WASubGameSclEngine.js",
        "WASubAppSclEngine.js",
        "WACloud.js",
        "WAMinigameLive.js",
        "WAPixi.js",
        "WARenderContext.js",
        "WAXRFrameRenderContext.js",
        "WASclContext.js",

        "WASkylineStyle.css.js",
        "WASkylineStyle.fpcssb",
        "WASkylineStyleDark.css.js",
        "WASkylineStyleDark.fpcssb",
        "WASkylineStyleV2.css.js",
        "WASkylineStyleV2.fpcssb",
        "WASkylineStyleV2Dark.css.js",
        "WASkylineStyleV2Dark.fpcssb",
        "WARenderContext.js",
        "WAStyleIndex.fpiib",

        "WAalberttiny489kvocab.txt",
        "WAminivocab.txt",
        "WARecordSDK.js",
        "WAWorkerSubContext.js",
        "WAMinigamePlatform.js",
        "WAGamePerformanceUtilsSDK.js",
        "WAMagicBrushMainContext.js",
        "WAMagicBrushSubContext.js"
    ],
    "ios": [
        "WAAutoService.js",
        "WAAutoWebview.js",
        "WAWKWorker.html",
        "WAService.js"
    ],
    "ignore": [
        "Archive.zip",
        "rev.json",
        "sourcemaps"
    ],
    "pc": [
        "WAPCAdapterAppIndex.html",
        "WAPCAdapterAppIndex.js",
        "WAPCAdapterGameIndex.html",
        "WAPCAdapterGameIndex.js",
        "WAPCAdapterPageFrame.html",
        "WAPCAdapterPageFrame.js",
        "WAPCAdapterContext.html",
        "WAPCAdapterContext.js",
        "WAPCAdapterWebViewChannel.js"
    ],
    "devtool": [
        "WAXRFrameRenderContextDevTools.js"
    ]
}